<?xml version="1.0" encoding="utf-8"?>
<manifest xmlns="http://www.we7.cc" versionCode="">
	<application setting="false">
		<name><![CDATA[RunnerOpenDemo]]></name>
		<identifie><![CDATA[runner_open_demo]]></identifie>
		<version><![CDATA[1.0]]></version>
		<type><![CDATA[business]]></type>
		<ability><![CDATA[runner open demo]]></ability>
		<description><![CDATA[runner open demo]]></description>
		<author><![CDATA[]]></author>
		<url><![CDATA[https://github.com/meepobrother/runner_open_demo#readme]]></url>
	</application>
	<platform>
		<subscribes>
		</subscribes>
		<handles>
			<message type="text" />
		</handles>
		<rule embed="false" />
		<card embed="false" />
		<supports>
			<item type="app" />
		</supports>
	</platform>
	<bindings>
		<cover>
			<entry title="发单" do="post" state="" direct="" />
			<entry title="详情" do="detail" state="" direct="" />
		</cover>
		<menu>
		</menu>
	</bindings>
	<permissions></permissions>
	<install><![CDATA[install.php]]></install>
	<uninstall><![CDATA[uninstall.php]]></uninstall>
	<upgrade><![CDATA[upgrade.php]]></upgrade>
</manifest>